Rank,Domain,Tier,Category,Similarity_To_OnlineSports,Current_Status,For_Sale,Likely_Seller_Platform,Estimated_Domain_Value_Low,Estimated_Domain_Value_High,Monthly_Traffic_Low,Monthly_Traffic_High,Primary_Monetization,Secondary_Monetization,Monthly_Revenue_Low,Monthly_Revenue_High,Annual_Revenue_Low,Annual_Revenue_High,Key_Affiliate_Programs,Avg_CPC_Category,Development_Stage,Competitive_Intensity,Monetization_Potential,Notes,Economic_Similarity_OS_Score,SUPER_BETA_Score,OS_Applicability_Score,Confidence_Level,Time_to_First_Revenue,Capital_Required_Launch,SEO_AI_Disruption_Risk,Implementation_Complexity,Fast_Cash_Flow_Probability_Pct,Recommended_First_Experiment,Hybrid_Monetization_Notes,Audience_Buyer_Intent,Recurring_Revenue_Potential,Defensibility_Score,Overall_Priority_Rank_for_OS,Strategic_Commentary
1,onlinegames.com,1,Gaming,Very High,Active Site,No,N/A,2000000,8000000,500000,2000000,Display Ads,Affiliate Marketing,50000,200000,600000,2400000,"Amazon Gaming, Razer, GameFly",Medium,Fully Built Out,Very High,9,One of the most trafficked generic game domains; likely monetized via banner ads and game download/subscription affiliates.,9,9,8,Medium,30-90 days,$5K-$15K,6,5,65,Launch sports game hub with free-to-play + DraftKings affiliate,Game subscriptions + display ads + affiliate,High,Partial,6,3,Closest entertainment analog to OS.com; proven model with games + sports betting crossover potential
2,onlinepoker.com,1,Gambling - Poker,Very High,Active Site,No,N/A,3000000,10000000,200000,800000,Affiliate Marketing,Lead Gen,80000,400000,960000,4800000,"PokerStars, 888poker, WSOP",High,Fully Built Out,Very High,9,Poker affiliate space is extremely lucrative; top poker affiliates earn $500-$2000 per depositing player referred.,7,8,7,Medium,30-90 days,$10K-$25K,5,6,55,Poker strategy content + PokerStars affiliate + lead gen,Poker school + room reviews + rakeback deals,High,No,7,8,iGaming affiliate is high-CPA; regulatory risk in US but offshore markets open; strong content moat possible
3,onlinecasino.com,1,Gambling - Casino,Very High,Active Site,No,N/A,5000000,20000000,300000,1200000,Affiliate Marketing,Display Ads,100000,600000,1200000,7200000,"Bet365, DraftKings, FanDuel Casino",High,Fully Built Out,Very High,10,Casino affiliate is the highest-CPA vertical in affiliate marketing; $200-$400+ CPA per depositing player is common.,6,9,6,Low,60-120 days,$15K-$40K,4,7,45,Casino review hub + DraftKings/FanDuel affiliate,Slots reviews + live casino + sports betting crossover,High,No,6,12,Highest revenue ceiling on the list but regulatory complexity is high; likely already developed and not for sale
4,onlinebetting.com,1,Sports Betting,Very High,Active Site,Unknown,Unknown,2000000,8000000,150000,600000,Affiliate Marketing,Display Ads,60000,350000,720000,4200000,"DraftKings, FanDuel, BetMGM",High,Developed,Very High,10,Sports betting is the closest analog to onlinesports.com; massive US market expansion post-PASPA creates huge opportunity.,8,9,9,Medium,30-90 days,$10K-$30K,5,6,60,Sports betting picks + odds comparison + FanDuel/DraftKings affiliate,State-by-state betting guides + fantasy crossover,High,No,7,4,MOST direct analog to OS.com monetization; sports audience + betting affiliate is the exact playbook
5,onlinegambling.com,1,Gambling,Very High,Active Site,No,N/A,3000000,12000000,200000,900000,Affiliate Marketing,Display Ads,80000,450000,960000,5400000,"Caesars, BetMGM, PointsBet",High,Fully Built Out,Very High,10,Broad gambling term captures massive search volume; likely a major affiliate hub across casino/poker/sports betting.,6,8,6,Low,60-120 days,$15K-$40K,4,7,45,Gambling portal with casino + poker + sports betting verticals,State legalization guides + operator reviews,High,No,6,11,Broad gambling term is powerful but requires regulatory navigation; best as a sub-vertical of OS.com strategy
6,onlinefantasy.com,1,Fantasy Sports,Very High,Parked/Basic,Unknown,Sedo,500000,2000000,5000,30000,Parking/PPC,Unknown,1000,8000,12000,96000,"DraftKings, FanDuel, Yahoo Fantasy",Medium,Parked,High,8,Fantasy sports is a $9B+ industry in the US; this domain has huge untapped potential if developed into a fantasy hub.,9,8,9,High,0-30 days,$2K-$8K,5,3,75,Build fantasy sports hub + DraftKings/FanDuel affiliate immediately,Daily fantasy picks + season-long tools + betting crossover,High,Yes,8,2,PARKED and underdeveloped — highest fast-cash opportunity in Tier 1; fantasy is $9B industry with clear affiliate path
7,onlinegolf.com,1,Golf,Very High,Active Site,Unknown,Unknown,300000,1000000,30000,150000,Affiliate Marketing,Display Ads,5000,40000,60000,480000,"TaylorMade, Callaway, GolfNow",Medium,Basic Site,High,7,Golf equipment affiliate commissions are strong (5-10%); golf travel/tee time bookings also lucrative.,8,7,8,Medium,30-90 days,$5K-$15K,5,4,60,Golf equipment reviews + GolfNow tee time affiliate + travel,Instruction content + tournament coverage + gear guides,High,No,6,9,Golf audience is high-income and high-spending; equipment affiliate (5-10%) + tee time bookings = solid revenue stack
8,onlinetennis.com,1,Tennis,Very High,Parked/Basic,Unknown,Unknown,200000,600000,5000,30000,Affiliate Marketing,Display Ads,1000,10000,12000,120000,"Tennis Express, Tennis Warehouse, ESPN+",Low-Medium,Parked,Medium,6,Smaller audience than major US sports but passionate and high-spending; racquet and gear affiliates pay well.,7,6,7,Medium,30-90 days,$3K-$10K,5,4,50,Tennis gear reviews + Tennis Warehouse affiliate + streaming,Tournament guides + racquet comparison + lesson booking,Medium,No,5,15,Passionate but smaller audience; gear affiliate + streaming referrals are viable but ceiling is lower than major US sports
9,onlinesoccer.com,1,Soccer,Very High,Active Site,Unknown,Unknown,300000,1000000,20000,100000,Affiliate Marketing,Display Ads,3000,25000,36000,300000,"Adidas, Nike, Soccer.com, ESPN+",Medium,Basic Site,High,7,Global sport but US audience growing; merchandise and streaming affiliates are primary revenue drivers.,8,7,8,Medium,30-90 days,$5K-$15K,5,4,60,Soccer news + gear affiliate + streaming (ESPN+/Paramount+),World Cup/MLS content + betting crossover + merchandise,High,No,6,10,Global sport with fast-growing US audience; World Cup cycles create massive traffic spikes; streaming affiliates strong
10,onlinefootball.com,1,American Football,Very High,Active Site,Unknown,Unknown,400000,1500000,50000,250000,Affiliate Marketing,Display Ads,8000,60000,96000,720000,"NFL Shop, Fanatics, DraftKings",Medium,Basic Site,High,8,"NFL is the most-watched US sport; merchandise, fantasy, and betting affiliate potential is very strong.",9,8,9,Medium,30-90 days,$8K-$25K,5,4,65,NFL content hub + Fanatics affiliate + DraftKings fantasy/betting,Team guides + injury reports + Super Bowl content,High,No,7,5,NFL is #1 US sport by revenue and engagement; merchandise + fantasy + betting = triple revenue stack for OS.com
11,onlinebaseball.com,1,Baseball,Very High,Parked/Basic,Unknown,Unknown,200000,700000,20000,100000,Affiliate Marketing,Display Ads,3000,20000,36000,240000,"MLB Shop, Fanatics, DraftKings",Low-Medium,Parked,Medium,7,MLB season is long and engages a large fanbase; merchandise and daily fantasy affiliates are the main plays.,8,7,8,Medium,30-90 days,$5K-$15K,5,4,60,MLB content + Fanatics affiliate + DraftKings daily fantasy,Season previews + player props + game-day content,High,No,6,13,Long season = consistent year-round content; daily fantasy baseball pays well; merchandise affiliate is proven
12,onlinebasketball.com,1,Basketball,Very High,Parked/Basic,Unknown,Unknown,300000,1000000,30000,150000,Affiliate Marketing,Display Ads,5000,35000,60000,420000,"NBA Store, Fanatics, DraftKings",Low-Medium,Parked,Medium,7,NBA has a massive global following; strong merchandise and sports betting affiliate opportunity.,8,7,8,Medium,30-90 days,$5K-$15K,5,4,60,NBA content hub + NBA Store affiliate + DraftKings fantasy,Player news + betting props + merchandise reviews,High,No,6,14,NBA has strongest global social media following; sneaker + merchandise affiliate is uniquely strong here
13,onlinehockey.com,1,Hockey,Very High,Parked/Basic,Unknown,Unknown,150000,500000,10000,60000,Affiliate Marketing,Display Ads,2000,15000,24000,180000,"NHL Shop, Fanatics, DraftKings",Low-Medium,Parked,Medium,6,Passionate but smaller US fanbase; hockey gear and merchandise affiliates are viable revenue streams.,7,6,7,Medium,30-90 days,$3K-$10K,5,4,50,NHL content + Fanatics affiliate + DraftKings fantasy,Team guides + gear reviews + playoff content,Medium,No,5,18,Passionate but regionally concentrated fanbase; hockey gear affiliate (sticks/skates) has solid AOV
14,onlinenascar.com,1,NASCAR,Very High,Parked/Basic,Unknown,Unknown,100000,400000,10000,50000,Affiliate Marketing,Display Ads,1500,12000,18000,144000,"NASCAR Shop, Fanatics, Hendrick Motorsports",Low,Parked,Medium,6,NASCAR has a loyal and high-spending fanbase; merchandise and tickets are strong affiliate plays.,7,5,7,Medium,30-90 days,$3K-$8K,5,4,45,NASCAR picks + merchandise affiliate + ticket affiliate,Driver profiles + race previews + fantasy NASCAR,Medium,No,5,20,NASCAR fanbase is extremely loyal and merchandise-heavy; fantasy NASCAR is growing; geographic concentration in Southeast
15,onlinemma.com,1,MMA/Combat Sports,Very High,Parked/Basic,Unknown,Unknown,150000,500000,15000,70000,Affiliate Marketing,Display Ads,2000,18000,24000,216000,"UFC Store, Reebok, DraftKings",Low-Medium,Parked,High,7,UFC and MMA are booming; PPV subscriptions and fight gear affiliates offer strong commissions.,7,7,7,Medium,30-90 days,$4K-$12K,5,4,55,UFC/MMA event previews + DraftKings affiliate + gear reviews,Fighter profiles + PPV guides + training gear affiliate,High,No,6,16,UFC viewership growing rapidly; PPV affiliate + DraftKings MMA contests = strong dual revenue; gear AOV is moderate
16,onlineboxing.com,1,Boxing,Very High,Parked/Basic,Unknown,Unknown,100000,400000,10000,50000,Affiliate Marketing,Display Ads,1500,12000,18000,144000,"Everlast, Title Boxing, DAZN",Low-Medium,Parked,Medium,6,Boxing has a passionate global audience; PPV streaming and gear affiliates are the main opportunities.,7,6,7,Medium,30-90 days,$3K-$10K,5,4,50,Boxing event coverage + DAZN affiliate + gear reviews,Fight previews + historical content + training gear,High,No,5,19,DAZN affiliate pays per streaming signup; boxing PPV events spike traffic; Everlast gear affiliate pays 5-8%
17,onlinefitness.com,1,Fitness,Very High,Active Site,Unknown,Unknown,500000,2000000,50000,300000,Affiliate Marketing,Display Ads,8000,80000,96000,960000,"Peloton, Beachbody, MyFitnessPal",Medium,Developed,High,8,"Fitness is a $100B+ industry; supplement, equipment, and app subscription affiliates all pay well.",8,8,8,Medium,30-60 days,$5K-$15K,5,4,65,Fitness program reviews + Peloton affiliate + supplement affiliate,Workout guides + equipment reviews + app comparisons,High,Yes,7,6,Fitness affiliate stack (equipment + supplements + apps) creates multiple revenue streams; recurring subscription potential
18,onlinegyms.com,1,Gyms/Fitness,Very High,Basic Site,Unknown,Unknown,200000,700000,10000,60000,Lead Gen,Affiliate Marketing,3000,25000,36000,300000,"Planet Fitness, Anytime Fitness, ClassPass",Low-Medium,Basic Site,High,7,Local gym lead gen pays $20-$50 per lead; ClassPass affiliates offer ongoing revenue.,7,7,8,Medium,0-30 days,$3K-$10K,4,4,70,Local gym finder + ClassPass affiliate + fitness app reviews,Gym comparison tool + workout plans + lead gen,High,Yes,7,7,Lead gen model (gym signups) generates fast cash; ClassPass pays recurring commission; low build complexity
19,onlineyoga.com,1,Yoga,High,Active Site,Unknown,Unknown,200000,800000,20000,100000,Affiliate Marketing,Display Ads,3000,30000,36000,360000,"Lululemon, Alo Yoga, Gaia Streaming",Low-Medium,Basic Site,High,7,Yoga is a $37B industry; apparel and streaming subscriptions are strong affiliate plays.,6,6,6,Medium,30-60 days,$3K-$10K,5,4,55,Yoga app reviews + Lululemon affiliate + retreat booking,Beginner guides + pose library + gear reviews,Medium,Yes,6,22,Female-skewing audience with high apparel AOV; Lululemon affiliate (5-10%) on $100+ items performs well
20,onlinerunning.com,1,Running,High,Parked/Basic,Unknown,Unknown,150000,500000,10000,50000,Affiliate Marketing,Display Ads,2000,18000,24000,216000,"Brooks, ASICS, Nike, Garmin",Low,Parked,Medium,6,"Running gear affiliates (shoes, GPS watches) offer 5-10% commissions on high-ticket items.",6,6,7,Medium,30-60 days,$3K-$8K,5,4,50,Running shoe reviews + Nike/ASICS affiliate + Garmin GPS,Training plans + race guides + gear comparisons,High,No,5,21,Running gear affiliate (shoes + GPS watches) has strong AOV; evergreen content with seasonal race traffic spikes
21,onlinemovies.com,2,Movies/Entertainment,High,Active Site,Unknown,Unknown,1000000,4000000,100000,500000,Affiliate Marketing,Display Ads,15000,100000,180000,1200000,"Amazon Prime, Netflix, Fandango",Medium,Developed,Very High,8,Movie streaming referrals and ticket sales are strong; Fandango pays per ticket sold and streaming services pay per signup.,7,7,6,Medium,30-60 days,$5K-$15K,6,4,55,Streaming service comparison + Fandango ticket affiliate,Movie reviews + theater finder + Prime/Netflix referrals,High,Yes,5,23,Streaming affiliate pays $10-$45/signup; movie ticket affiliate adds seasonal spikes around blockbusters
22,onlinemusic.com,2,Music,High,Active Site,Unknown,Unknown,800000,3000000,80000,400000,Affiliate Marketing,Display Ads,10000,60000,120000,720000,"Spotify, Apple Music, Guitar Center",Medium,Developed,Very High,8,Music streaming affiliate programs pay per subscription signup; instrument/equipment affiliates also viable.,6,6,6,Medium,30-60 days,$4K-$12K,6,4,50,Music streaming comparison + instrument affiliate + lessons,Genre guides + artist content + Guitar Center affiliate,Medium,Yes,5,25,Music streaming affiliate (Spotify/Apple) pays per signup; instrument affiliate has strong AOV for serious players
23,onlineradio.com,2,Radio/Streaming,High,Active Site,Unknown,Unknown,500000,2000000,50000,300000,Display Ads,Affiliate Marketing,5000,40000,60000,480000,"iHeartRadio, SiriusXM, Amazon Music",Low-Medium,Developed,High,6,Internet radio is competitive with major players; a directory/aggregator model with display ads is most viable.,5,5,5,Medium,30-60 days,$3K-$8K,5,4,45,Internet radio directory + SiriusXM affiliate + podcast ads,Genre/station finder + streaming app comparison,Low,No,4,30,Crowded space with Spotify/Apple dominating; aggregator model viable but ceiling is low
24,onlinetv.com,2,TV/Streaming,High,Active Site,Unknown,Unknown,1000000,5000000,100000,600000,Affiliate Marketing,Display Ads,15000,120000,180000,1440000,"Hulu, YouTube TV, Sling TV, DirecTV",Medium,Developed,Very High,8,Cord-cutting streaming guide pays well; streaming service signups pay $10-$45 per trial conversion.,6,7,6,Medium,30-60 days,$5K-$15K,6,4,55,Streaming TV guide + Hulu/Sling affiliate + cord-cutting content,Channel comparison + best streaming picks + reviews,High,Yes,6,24,Cord-cutting guides are highly searched; Sling/Hulu/YouTube TV all have affiliate programs paying $20-$45/signup
25,onlinestreaming.com,2,Streaming,High,Unknown,Unknown,Unknown,500000,2000000,30000,200000,Affiliate Marketing,Display Ads,5000,50000,60000,600000,"Netflix, Hulu, Disney+, Twitch",Low-Medium,Unknown,Very High,7,Aggregator/comparison site for streaming services; EPCs are moderate but volume can be high.,5,6,5,Medium,30-60 days,$4K-$12K,6,4,50,Streaming comparison hub + Netflix/Disney+ affiliate,Best shows lists + platform reviews + cancellation tracker,High,Yes,5,27,High search volume for streaming comparisons; affiliate commissions moderate but volume can compensate
26,onlinepodcast.com,2,Podcasts,High,Basic Site,Unknown,Unknown,300000,1000000,20000,100000,Affiliate Marketing,Display Ads,2000,20000,24000,240000,"Spotify, Anchor, Buzzsprout, Podbean",Low-Medium,Basic Site,High,6,Podcast hosting affiliate programs pay recurring commissions; audience is engaged and tech-savvy.,5,5,5,Medium,30-60 days,$2K-$8K,5,3,45,Podcast directory + Buzzsprout/Podbean affiliate,How-to-podcast guides + equipment reviews + hosting comparison,Medium,Yes,5,32,Podcast hosting affiliate pays recurring; equipment (mics/interfaces) has decent AOV through Amazon affiliate
27,onlinenews.com,2,News,Medium,Active Site,Unknown,Unknown,500000,3000000,50000,500000,Display Ads,Affiliate Marketing,5000,80000,60000,960000,"Google AdSense, Taboola, Outbrain",Medium,Developed,Very High,5,News aggregation is highly competitive with razor-thin margins; programmatic display ads are the primary model.,4,4,4,Low,60-120 days,$5K-$20K,8,6,35,News aggregator with programmatic ads + Taboola integration,Breaking news + category verticals + sponsored content,Low,No,3,35,News is extremely competitive and Google-risky; thin margins; NOT recommended as OS.com analog
28,onlinemagazine.com,2,Magazine/Media,Medium,Active Site,Unknown,Unknown,300000,1000000,30000,200000,Display Ads,Affiliate Marketing,3000,30000,36000,360000,"Amazon, Magazines.com, Google AdSense",Low-Medium,Basic Site,High,5,Digital magazine directory or content site; moderate monetization potential given competition from major publishers.,4,4,4,Low,60-120 days,$3K-$10K,7,5,35,Digital magazine hub + Amazon affiliate + subscription content,Niche magazine directories + editorial content,Low,No,3,36,Limited upside; major publishers dominate; low buyer intent audience
29,onlinecomics.com,2,Comics,High,Active Site,Unknown,Unknown,200000,800000,30000,150000,Affiliate Marketing,Display Ads,3000,25000,36000,300000,"ComiXology, Marvel Unlimited, TFAW",Low-Medium,Basic Site,Medium,6,Comics is a passionate niche; subscription services and merchandise affiliates offer reasonable returns.,6,6,6,Medium,30-60 days,$3K-$10K,5,4,50,Comics subscription reviews + ComiXology affiliate + merch,New release guides + reading lists + collectibles affiliate,High,Yes,6,28,Comics audience is passionate and collectible-buying; ComiXology affiliate + TFAW merchandise pays well
30,onlinebooks.com,2,Books,Medium,Active Site,Unknown,Unknown,300000,1200000,40000,200000,Affiliate Marketing,Display Ads,5000,40000,60000,480000,"Amazon Books, Audible, Bookshop.org",Low-Medium,Basic Site,High,6,Book affiliate commissions are low (4-8%) but Audible pays $5-$15 per trial signup which is more lucrative.,5,5,5,Medium,30-60 days,$3K-$10K,6,4,45,Book review hub + Audible affiliate + Bookshop.org,Reading lists + author interviews + genre guides,Medium,Yes,4,31,Audible affiliate ($5-$15/trial) is the money-maker here; Amazon book affiliate is low (4%) but high volume
31,onlinechess.com,2,Chess,High,Active Site,Unknown,Unknown,200000,800000,30000,200000,Affiliate Marketing,Display Ads,3000,25000,36000,300000,"Chess.com, Lichess, Chessable",Low-Medium,Basic Site,Medium,6,Chess had a massive popularity surge post-Queens Gambit; chess.com-style affiliate/subscription model is viable.,6,6,6,Medium,30-60 days,$3K-$8K,5,3,50,Chess learning hub + Chess.com affiliate + Chessable courses,Opening guides + puzzle content + tournament coverage,Medium,Yes,6,29,Chess.com premium affiliate + course sales; Queen's Gambit surge proved the audience is mainstream now
32,onlinecards.com,2,Card Games,High,Active Site,Unknown,Unknown,150000,600000,20000,100000,Affiliate Marketing,Display Ads,2000,15000,24000,180000,"Bicycle Cards, TCGPlayer, Pokemon TCG Online",Low,Basic Site,Medium,6,Card games span casual to trading cards; TCG marketplace affiliates can be lucrative with the right audience.,6,6,6,Medium,30-60 days,$3K-$8K,5,4,50,TCG price tracker + TCGPlayer affiliate + Pokemon content,Card game guides + tournament prep + collectible value,High,Yes,6,33,Trading card market is massive; TCGPlayer affiliate pays on card sales; collectible angle has high buyer intent
33,onlinebingo.com,2,Bingo/Gambling,Very High,Active Site,No,N/A,500000,2000000,50000,300000,Affiliate Marketing,Display Ads,20000,120000,240000,1440000,"Gala Bingo, Tombola, 888 Ladies",Medium,Developed,High,8,Online bingo is a mature but active affiliate vertical; primarily UK-focused with strong CPAs of $50-$150 per player.,6,8,6,Medium,30-60 days,$8K-$25K,4,5,55,Bingo site reviews + Gala Bingo/888 affiliate + bonuses,Casino bonus comparisons + new player guides,High,No,7,17,UK-focused but strong CPAs ($50-$150/player); lower regulatory burden than US casino; proven affiliate vertical
34,onlineslots.com,2,Slots/Gambling,Very High,Active Site,No,N/A,1000000,4000000,100000,500000,Affiliate Marketing,Display Ads,40000,250000,480000,3000000,"DraftKings Casino, BetMGM, Caesars",High,Fully Built Out,Very High,10,Online slots affiliates earn some of the highest CPAs in iGaming; $200-$500 per depositing player is common.,6,9,6,Low,60-120 days,$15K-$50K,4,6,45,Slots review site + DraftKings Casino affiliate + bonuses,Free spins guides + RTP comparisons + casino reviews,High,No,6,26,Highest revenue per visitor of any category; slots affiliates earn $200-$500/depositing player; regulatory complexity
35,onlinelottery.com,2,Lottery,High,Active Site,Unknown,Unknown,300000,1200000,30000,200000,Affiliate Marketing,Display Ads,8000,60000,96000,720000,"TheLotter, Jackpot.com, Lottoland",Medium,Developed,High,8,Online lottery affiliate programs pay $20-$100 per player; lower regulatory burden than casino/sports betting.,6,7,6,Medium,30-60 days,$5K-$20K,4,5,55,Online lottery reviews + TheLotter affiliate + syndicate guides,Jackpot trackers + lottery comparisons + winning strategies,High,No,6,34,Lottery affiliate is lower regulatory risk than casino; TheLotter pays $20-$100/player; global audience
36,onlinepuzzles.com,2,Puzzles/Games,High,Active Site,Unknown,Unknown,200000,800000,30000,200000,Display Ads,Affiliate Marketing,2000,20000,24000,240000,"Amazon, Ravensburger, Cobble Hill",Low,Basic Site,Medium,5,Puzzle niche is evergreen but lower-monetization; display ads and Amazon affiliates are primary revenue.,5,5,5,Medium,30-60 days,$2K-$6K,6,3,45,Puzzle game hub + Amazon puzzle affiliate + app reviews,Daily puzzles + crossword + sudoku + jigsaw content,Low,No,3,37,Evergreen but low monetization; display ads + Amazon puzzles affiliate; not aligned with OS.com strategy
37,onlinecooking.com,2,Cooking,Medium,Active Site,Unknown,Unknown,300000,1200000,50000,300000,Affiliate Marketing,Display Ads,4000,40000,48000,480000,"Amazon Kitchen, Blue Apron, HelloFresh",Low-Medium,Basic Site,High,6,Food content has huge SEO traffic potential; meal kit subscriptions pay $20-$50 per signup.,4,5,4,Medium,30-60 days,$3K-$10K,6,4,45,Recipe content + HelloFresh affiliate + Amazon kitchen,Meal planning tools + cooking videos + equipment guides,Low,Partial,4,38,HelloFresh affiliate pays $20-$50/signup; high traffic potential but low buyer intent for OS.com purposes
38,onlinerecipes.com,2,Recipes/Food,Medium,Active Site,Unknown,Unknown,400000,1500000,60000,400000,Display Ads,Affiliate Marketing,5000,50000,60000,600000,"HelloFresh, Green Chef, Amazon Kitchen",Low-Medium,Developed,High,6,Recipe sites earn primarily from display ads; Mediavine/AdThrive rates can reach $30-$60 RPM for food content.,4,5,4,Medium,30-60 days,$3K-$10K,7,4,40,Recipe SEO content + display ads + meal kit affiliate,Seasonal content + dietary guides + kitchen equipment,Low,Partial,3,39,Mediavine/AdThrive display rates are good for food; but very AI-disruption risk for recipe content
39,onlinetravel.com,2,Travel,Medium,Active Site,Unknown,Unknown,500000,2000000,80000,500000,Affiliate Marketing,Display Ads,10000,100000,120000,1200000,"Booking.com, Expedia, Hotels.com, Airbnb",Medium,Developed,Very High,7,Travel affiliate commissions are high (4-8% of booking value); one hotel booking can earn $20-$200.,5,6,5,Medium,60-90 days,$8K-$20K,5,5,50,Travel deal aggregator + Booking.com affiliate + Expedia,Destination guides + hotel comparison + flight deals,High,No,5,40,Travel affiliate pays well per booking but is seasonal and highly competitive; Booking.com 25-40% of commission
40,onlinehotel.com,2,Hotels/Travel,Medium,Active Site,Unknown,Unknown,300000,1200000,50000,300000,Affiliate Marketing,Lead Gen,8000,80000,96000,960000,"Booking.com, Hotels.com, Priceline",Medium,Developed,Very High,7,Hotel affiliate programs are among the highest-earning; Booking.com pays 25-40% of their commission per booking.,5,6,5,Medium,60-90 days,$8K-$20K,5,5,50,Hotel comparison site + Booking.com/Hotels.com affiliate,City guides + hotel reviews + best-price tracking,High,No,5,41,Hotel affiliate is among highest-earning; but competitive with Kayak/TripAdvisor; needs strong SEO foundation
41,onlineshopping.com,3,Shopping,Medium,Active Site,Unknown,Unknown,1000000,5000000,200000,1000000,Affiliate Marketing,Display Ads,20000,150000,240000,1800000,"Amazon, Rakuten, CJ Affiliate",Medium,Developed,Very High,7,Shopping comparison/aggregator is highly competitive but the domain is enormously valuable; Amazon Associates is the backbone.,5,6,5,Medium,60-90 days,$10K-$25K,6,5,45,Shopping comparison + Amazon Associates + Rakuten network,Deal alerts + product reviews + coupon stacking,High,No,4,42,Amazon Associates backbone; huge search volume but Google comparison widgets are competing directly
42,onlinestore.com,3,Ecommerce,Medium,Active Site,Unknown,Unknown,500000,2000000,50000,300000,Affiliate Marketing,SaaS,8000,60000,96000,720000,"Shopify, BigCommerce, WooCommerce",Medium,Developed,Very High,6,Could be a Shopify-affiliate review/builder site; Shopify pays $58-$2000 per merchant signup depending on plan.,4,5,4,Medium,60-90 days,$5K-$15K,5,5,40,Ecommerce builder comparison + Shopify affiliate hub,Platform reviews + merchant case studies + migration guides,Medium,Yes,5,43,Shopify affiliate pays $58-$2000/merchant; B2B angle works well; not a sports analog but strong LTV
43,onlinesales.com,3,Sales/Deals,Medium,Parked/Basic,Unknown,Sedo,300000,1000000,20000,100000,Affiliate Marketing,Display Ads,3000,25000,36000,300000,"Amazon, Rakuten, FlexOffers",Low-Medium,Parked,High,6,Deals/sales aggregator could capture significant organic traffic; commission stacking across retailers is the model.,4,5,4,Medium,30-60 days,$3K-$10K,6,3,45,Deals aggregator + Amazon/Rakuten affiliate,Flash sale alerts + cashback comparison + coupon hub,High,No,4,44,Parked — opportunity to build deals aggregator quickly; commission stacking model; competitive space
44,onlineauction.com,3,Auctions,Medium,Active Site,Unknown,Unknown,500000,2000000,50000,300000,Affiliate Marketing,Display Ads,8000,50000,96000,600000,"eBay, Heritage Auctions, Proxibid",Low-Medium,Developed,High,6,eBay partner network pays 1-4% per sale; auction aggregator model could drive significant volume.,4,5,4,Medium,60-90 days,$5K-$15K,5,5,40,Auction guide + eBay affiliate + collectibles content,Bidding strategy guides + category deep dives,Medium,No,4,45,eBay affiliate pays 1-4% but high volume; collectibles angle has passionate buyers
45,onlinedeals.com,3,Deals/Coupons,Medium,Active Site,Unknown,Unknown,500000,2000000,80000,400000,Affiliate Marketing,Display Ads,8000,60000,96000,720000,"RetailMeNot, Honey, Rakuten",Low-Medium,Developed,Very High,6,Deals/coupon space is competitive but high-volume; CPA model with retailers across categories.,4,5,4,Medium,30-60 days,$5K-$15K,6,4,45,Deal comparison + RetailMeNot affiliate + coupon codes,Category deal hubs + seasonal sales calendar,High,No,4,46,Competitive but proven model; CPA stacking across retailers; not strategic for OS.com
46,onlinecoupons.com,3,Coupons,Medium,Active Site,Unknown,Unknown,400000,1500000,60000,350000,Affiliate Marketing,Display Ads,5000,50000,60000,600000,"Groupon, RetailMeNot, Honey",Low-Medium,Developed,Very High,6,Coupon sites earn through CPA deals; established players like RetailMeNot dominate but domain authority matters.,4,5,4,Medium,30-60 days,$4K-$12K,6,4,45,Coupon aggregator + Groupon/Honey affiliate,Store-specific coupon hubs + promo code finder,High,No,3,47,Coupon space dominated by Honey/Capital One Shopping; hard to differentiate; not recommended for OS.com
47,onlineprices.com,3,Price Comparison,Medium,Parked/Basic,Unknown,Unknown,200000,800000,20000,100000,Affiliate Marketing,Display Ads,2000,20000,24000,240000,"Google Shopping, PriceGrabber, Amazon",Low-Medium,Parked,High,5,Price comparison is Google-dominated; hard to rank without massive content investment.,4,4,4,Low,60-120 days,$5K-$20K,7,6,35,Price comparison engine + Amazon/Google Shopping affiliate,Product category comparison tools,Medium,No,3,50,Google Shopping dominates; hard to rank; significant build investment required; not OS.com aligned
48,onlinereviews.com,3,Reviews,Medium,Active Site,Unknown,Unknown,300000,1500000,40000,300000,Affiliate Marketing,Display Ads,5000,60000,60000,720000,"Amazon, Wirecutter-style affiliates, CJ",Low-Medium,Developed,Very High,7,Review sites with SEO can earn extremely well; Amazon Associates plus direct brand deals are the core model.,5,6,5,Medium,30-60 days,$5K-$20K,6,4,50,Product review hub + Amazon Associates + direct brand deals,Category review verticals + best-of lists + comparisons,High,No,5,48,Wirecutter model works; Amazon Associates + direct deals; needs strong SEO; AI review disruption is real risk
49,onlinetickets.com,3,Tickets/Events,High,Active Site,Unknown,Unknown,500000,2000000,80000,400000,Affiliate Marketing,Lead Gen,10000,80000,120000,960000,"Ticketmaster, StubHub, SeatGeek",Medium,Developed,High,8,Ticket affiliate programs pay 3-10% per sale; sports/concert events drive massive seasonal spikes.,8,8,8,High,0-30 days,$5K-$15K,4,4,70,Sports/concert ticket hub + StubHub affiliate + SeatGeek,Event calendars + price tracking + team-specific guides,High,No,7,1,HIGHEST fast cash priority — sports tickets are OS.com's natural extension; 3-10% per ticket sale; launch immediately
50,onlinecars.com,3,Automotive,Medium,Active Site,Unknown,Unknown,500000,2000000,80000,400000,Lead Gen,Affiliate Marketing,15000,100000,180000,1200000,"CarGurus, AutoTrader, CarFax",Medium,Developed,Very High,7,Auto lead gen pays $50-$200 per qualified buyer lead; one of the highest-value lead gen verticals.,5,6,5,Medium,60-90 days,$10K-$25K,5,5,50,Car buying guide + CarGurus affiliate + insurance lead gen,New vs used guides + model comparisons + financing tools,High,No,5,49,Auto lead gen pays $50-$200/lead; high-intent buyers; not aligned with sports but strong revenue model
51,onlineautos.com,3,Automotive,Medium,Active Site,Unknown,Unknown,300000,1500000,50000,300000,Lead Gen,Affiliate Marketing,10000,80000,120000,960000,"Cars.com, TrueCar, AutoNation",Medium,Developed,Very High,7,Similar to onlinecars.com; auto dealer lead gen is extremely lucrative if traffic can be monetized properly.,5,6,5,Medium,60-90 days,$8K-$20K,5,5,50,Auto review site + TrueCar affiliate + insurance cross-sell,Car comparison tools + dealer lead gen,High,No,5,51,Similar to onlinecars.com; auto dealer lead gen is high-value but requires investment to build trust
52,onlinemotorcycles.com,3,Motorcycles,High,Parked/Basic,Unknown,Unknown,150000,600000,10000,60000,Affiliate Marketing,Lead Gen,2000,20000,24000,240000,"RevZilla, Cycle Gear, Progressive Insurance",Low-Medium,Parked,Medium,7,Motorcycle gear and insurance affiliates pay well; passionate buyer community with high AOV.,7,7,7,Medium,30-60 days,$4K-$12K,4,4,60,Motorcycle gear reviews + RevZilla affiliate + insurance,Bike comparison + safety gear guides + route planning,High,No,7,42,RevZilla affiliate is strong (5-10% on high-AOV gear); motorcycle insurance lead gen pays $50-$100/lead
53,onlineboats.com,3,Boats/Marine,High,Parked/Basic,Unknown,Unknown,100000,400000,8000,40000,Lead Gen,Affiliate Marketing,1500,15000,18000,180000,"Boat Trader, GEICO Marine, Overton's",Low,Parked,Medium,6,Boat sales and marine accessories are high-ticket; boat insurance lead gen pays $50-$150 per lead.,6,6,6,Medium,30-60 days,$3K-$10K,4,4,50,Boat buying guide + Boat Trader affiliate + marine insurance,Boat comparison + marina finder + accessories affiliate,High,No,6,43,High-ticket purchases = high affiliate value; marine insurance lead gen pays well; passionate audience
54,onlinesupplies.com,3,Supplies,Low,Parked/Basic,Unknown,Unknown,100000,400000,5000,30000,Affiliate Marketing,Display Ads,1000,10000,12000,120000,"Amazon Business, Staples, Office Depot",Low,Parked,Medium,4,Generic supplies domain; B2B office supplies angle could work but highly competitive with Amazon.,3,3,3,Low,90-180 days,$3K-$8K,5,4,30,Office supplies comparison + Amazon Business affiliate,B2B procurement guides + bulk deal aggregator,Low,No,2,55,Generic and competitive; not aligned with OS.com; Amazon dominates; low priority
55,onlineoutlet.com,3,Outlet Shopping,Medium,Parked/Basic,Unknown,Unknown,200000,800000,15000,80000,Affiliate Marketing,Display Ads,2000,20000,24000,240000,"Nike Outlet, Gap, CJ Affiliate",Low-Medium,Parked,High,5,Outlet deals aggregator; moderate opportunity tied to fashion/apparel affiliate programs.,4,4,4,Low,60-90 days,$3K-$8K,6,4,35,Outlet deal aggregator + Nike/Gap affiliate,Fashion sale calendar + outlet finder + deal alerts,Medium,No,3,52,Moderate opportunity; fashion affiliate pays 5-15%; not strategic for OS.com direction
56,onlineclothing.com,3,Clothing/Fashion,Medium,Active Site,Unknown,Unknown,300000,1200000,40000,200000,Affiliate Marketing,Display Ads,4000,40000,48000,480000,"ASOS, Zappos, Nordstrom, Revolve",Medium,Basic Site,Very High,6,Fashion affiliate commissions are 5-15%; very competitive but high-volume search terms.,4,5,4,Medium,30-60 days,$4K-$12K,6,4,45,Fashion review hub + ASOS/Revolve affiliate,Style guides + trend content + seasonal lookbooks,Medium,No,4,53,Fashion affiliate pays 5-15% but highly competitive; AI content generation risk is very high in this space
57,onlineshoes.com,3,Shoes,Medium,Active Site,Unknown,Unknown,300000,1200000,50000,250000,Affiliate Marketing,Display Ads,5000,45000,60000,540000,"Zappos, DSW, Nike, Finish Line",Medium,Basic Site,Very High,6,Shoe affiliates earn 5-12%; Zappos pays up to 8% on high AOV purchases.,5,5,5,Medium,30-60 days,$4K-$12K,5,4,45,Athletic shoe reviews + Nike/Zappos affiliate,Running + basketball + training shoe comparisons,High,No,5,54,Sports shoe affiliate is a natural OS.com sub-vertical; Zappos pays 8% on high-AOV purchases
58,onlinejewelry.com,3,Jewelry,Medium,Active Site,Unknown,Unknown,200000,800000,30000,150000,Affiliate Marketing,Display Ads,4000,40000,48000,480000,"Zales, Kay Jewelers, James Allen",Low-Medium,Basic Site,High,6,Jewelry affiliate commissions are 4-10% on high-AOV items; engagement rings can mean $50-$200 per sale.,4,5,4,Medium,30-60 days,$4K-$12K,5,4,40,Jewelry buying guide + Zales/James Allen affiliate,Engagement ring guide + gift ideas + fine jewelry,Medium,No,4,56,Jewelry affiliate has high AOV ($50-$200/sale); but not aligned with OS.com sports audience
59,onlinepets.com,3,Pets,Medium,Active Site,Unknown,Unknown,300000,1200000,40000,200000,Affiliate Marketing,Display Ads,5000,45000,60000,540000,"Chewy, PetSmart, Rover, Petco",Low-Medium,Basic Site,Very High,7,Pet industry is $136B; Chewy affiliate pays 3-6% and pet insurance pays $20-$50 per lead.,5,6,5,Medium,30-60 days,$4K-$12K,5,4,50,Pet product reviews + Chewy affiliate + pet insurance,Breed guides + product comparisons + vet content,High,Yes,5,57,Pet industry is massive; Chewy affiliate + pet insurance lead gen; audience overlaps with sports fans (dogs especially)
60,onlinegarden.com,3,Garden/Home,Low,Parked/Basic,Unknown,Unknown,150000,600000,15000,80000,Affiliate Marketing,Display Ads,2000,18000,24000,216000,"Home Depot, Lowe's, Burpee",Low,Parked,Medium,5,Garden affiliate earns through seasonal content; home improvement platforms pay moderate commissions.,3,4,3,Low,60-90 days,$2K-$6K,5,4,30,Garden product reviews + Home Depot affiliate,Seasonal planting guides + tool comparisons,Low,No,2,58,Low alignment with OS.com; seasonal traffic; Home Depot affiliate pays 2-8%; low priority
61,onlineloans.com,4,Finance - Loans,Low,Active Site,Unknown,Unknown,2000000,8000000,100000,500000,Lead Gen,Affiliate Marketing,30000,300000,360000,3600000,"LendingTree, Credible, SoFi",High,Developed,Very High,9,Loan lead gen is among the highest-paying verticals; $50-$200 per qualified lead; highest CPC in Google Ads.,3,5,3,Low,30-60 days,$15K-$40K,5,7,40,Loan comparison + LendingTree affiliate + lead gen,Personal loan guides + rate comparison + credit tools,High,No,5,59,Extremely high CPC and CPA; but regulatory complexity and trust requirements are high; not OS.com aligned
62,onlinemortgage.com,4,Finance - Mortgage,Low,Active Site,Unknown,Unknown,2000000,10000000,80000,400000,Lead Gen,Affiliate Marketing,25000,250000,300000,3000000,"Quicken Loans, LendingTree, Better.com",High,Developed,Very High,9,Mortgage lead gen pays $100-$400 per qualified lead; one of the most valuable lead gen domains possible.,3,4,3,Low,60-120 days,$20K-$60K,4,8,35,Mortgage comparison + Quicken Loans affiliate + lead gen,Rate trackers + refinance guides + first-time buyer content,High,No,4,61,Highest per-lead revenue on list ($100-$400) but most complex to build credibly; not sports audience
63,onlineinsurance.com,4,Insurance,Low,Active Site,Unknown,Unknown,2000000,10000000,100000,600000,Lead Gen,Affiliate Marketing,30000,400000,360000,4800000,"Progressive, State Farm, PolicyGenius",High,Developed,Very High,9,Insurance lead gen pays $30-$100 per lead across auto/home/life; massive CPC category.,3,4,3,Low,60-120 days,$20K-$60K,4,8,35,Insurance comparison + Progressive/PolicyGenius affiliate,Auto + home + life comparison tools + lead gen,High,No,4,62,Massive CPC category; insurance lead gen pays $30-$100/lead; requires significant trust and compliance investment
64,onlineinvesting.com,4,Finance - Investing,Low,Active Site,Unknown,Unknown,1000000,5000000,80000,400000,Affiliate Marketing,Lead Gen,20000,150000,240000,1800000,"Robinhood, E*TRADE, Fidelity",Medium,Developed,Very High,8,Investing platform signups pay $50-$200 per funded account; high-value audience demographic.,3,5,3,Low,60-90 days,$15K-$40K,5,7,40,Investing platform reviews + Robinhood/E*TRADE affiliate,Beginner guides + platform comparison + portfolio tools,High,Yes,5,63,Investing platform signups pay $50-$200/funded account; high-income audience; not sports-aligned
65,onlinestocks.com,4,Finance - Stocks,Low,Active Site,Unknown,Unknown,800000,4000000,60000,300000,Affiliate Marketing,Display Ads,15000,120000,180000,1440000,"Robinhood, Webull, TD Ameritrade",Medium,Developed,Very High,7,Stock trading platform affiliate programs pay per funded account; financial content has high RPM for display ads.,3,5,3,Low,60-90 days,$10K-$30K,6,6,40,Stock trading platform reviews + Webull/Robinhood affiliate,Market news + stock screeners + trading strategy,High,No,4,64,Financial content has very high RPM for display ads; trading platform affiliate pays per funded account
66,onlinecrypto.com,4,Cryptocurrency,Medium,Active Site,Unknown,Unknown,1000000,5000000,100000,500000,Affiliate Marketing,Display Ads,20000,200000,240000,2400000,"Coinbase, Binance, Gemini, Ledger",Medium,Developed,Very High,8,Crypto exchange affiliates pay $50-$200 per signup; hardware wallet affiliates also strong; highly volatile market.,4,6,4,Low,30-60 days,$15K-$40K,7,5,45,Crypto exchange reviews + Coinbase/Binance affiliate,DeFi guides + coin comparison + hardware wallet reviews,High,No,5,65,Crypto affiliate pays $50-$200/signup; high volatility in traffic/revenue; sports betting crossover audience exists
67,onlinerealestate.com,4,Real Estate,Low,Active Site,Unknown,Unknown,1000000,5000000,80000,400000,Lead Gen,Affiliate Marketing,20000,200000,240000,2400000,"Zillow, Realtor.com, Redfin, Opendoor",Medium,Developed,Very High,8,Real estate lead gen pays $30-$100 per lead; one of the largest online ad spending categories.,3,4,3,Low,60-120 days,$15K-$40K,5,7,35,Real estate listing aggregator + Zillow affiliate + lead gen,Home buying guides + market analysis + mortgage crossover,High,No,4,66,Real estate lead gen pays $30-$100/lead; massive category but far from OS.com audience
68,onlinehomes.com,4,Real Estate - Homes,Low,Active Site,Unknown,Unknown,500000,2000000,50000,250000,Lead Gen,Affiliate Marketing,10000,100000,120000,1200000,"Zillow, Trulia, Realtor.com",Medium,Developed,Very High,7,Home buyer/seller lead gen; realtor referral leads can be worth $500-$5000 in downstream commissions.,3,4,3,Low,60-120 days,$10K-$25K,5,7,35,Home search + Zillow affiliate + mortgage cross-sell,Neighborhood guides + home value tools,High,No,4,67,High-intent buyers but complex to build credibly; realtor referral value is enormous if built correctly
69,onlineapartments.com,4,Real Estate - Rentals,Low,Active Site,Unknown,Unknown,500000,2000000,50000,250000,Lead Gen,Display Ads,10000,80000,120000,960000,"Apartments.com, Zillow Rentals, Realtor.com",Low-Medium,Developed,High,7,Rental lead gen pays $10-$50 per qualified lead; high monthly search volume makes this a strong SEO play.,3,4,3,Low,60-90 days,$8K-$20K,4,6,35,Apartment search + Apartments.com affiliate + renter tools,City rental guides + cost-of-living comparison,High,No,4,68,Rental lead gen pays $10-$50/lead; less complex than home buying; not strategic for OS.com
70,onlinepharmacy.com,4,Health - Pharmacy,Low,Active Site,Unknown,Unknown,300000,1500000,30000,200000,Affiliate Marketing,Lead Gen,8000,80000,96000,960000,"Hims, Roman, GoodRx, CVS",Medium,Developed,Very High,7,Online pharmacy/prescription affiliates are lucrative but regulated; GoodRx and telehealth affiliates are the safe play.,3,4,3,Low,60-90 days,$8K-$20K,5,7,35,Online pharmacy reviews + GoodRx affiliate + telehealth,Drug price comparison + prescription guides,Low,No,4,69,Regulated space; GoodRx affiliate viable; telehealth crossover with fitness/wellness angle is possible
71,onlinedoctors.com,4,Telehealth,Low,Active Site,Unknown,Unknown,300000,1500000,30000,150000,Lead Gen,Affiliate Marketing,8000,80000,96000,960000,"Teladoc, MDLive, Hims, Hers",Low-Medium,Developed,High,7,Telehealth grew massively post-COVID; doctor consultation lead gen pays $20-$100 per new patient.,3,4,3,Low,60-90 days,$8K-$20K,4,7,35,Telehealth comparison + Teladoc/MDLive affiliate + lead gen,Online doctor guides + mental health crossover,Low,No,4,70,Telehealth post-COVID growth is real; not OS.com aligned but could be a portfolio diversification play
72,onlinehealth.com,4,Health/Wellness,Medium,Active Site,Unknown,Unknown,500000,2000000,60000,300000,Affiliate Marketing,Display Ads,8000,80000,96000,960000,"Care.com, Hims, Noom, Health IQ",Medium,Developed,Very High,7,"Broad health domain; supplements, telehealth, and insurance affiliates all apply; high RPM for display ads.",4,5,4,Medium,30-60 days,$8K-$20K,5,5,45,Health resource hub + Hims/Noom affiliate + insurance cross,Fitness + wellness + supplement + telehealth content,Medium,Yes,5,71,Broad health domain overlaps with fitness/sports audience; supplement + telehealth affiliates stack well
73,onlinetherapy.com,4,Mental Health,Low,Active Site,No,N/A,800000,3000000,50000,300000,Affiliate Marketing,Lead Gen,20000,150000,240000,1800000,"BetterHelp, Talkspace, Cerebral",Low-Medium,Fully Built Out,High,8,BetterHelp affiliate pays $100-$200 per subscription signup; mental health demand is surging post-2020.,3,5,3,Low,30-60 days,$15K-$40K,4,5,40,Therapy platform reviews + BetterHelp affiliate,Mental health guides + therapist finder + app reviews,Low,Yes,6,72,BetterHelp pays $100-$200/signup; already developed and likely not for sale; mental health demand surging
74,onlinedentist.com,4,Dental,Low,Parked/Basic,Unknown,Unknown,150000,600000,10000,60000,Lead Gen,Affiliate Marketing,2000,20000,24000,240000,"1-800-Dentist, SmileDirectClub, Byte",Low,Parked,Medium,6,Dental lead gen pays $30-$80 per patient; local dentist referral networks are the primary model.,3,4,3,Low,60-90 days,$3K-$10K,4,6,35,Dental care guide + 1-800-Dentist lead gen affiliate,Dental insurance guides + orthodontic comparison,Low,No,3,73,Dental lead gen pays $30-$80/patient; local-search dominated; not OS.com aligned
75,onlinevitamins.com,4,Supplements,Medium,Active Site,Unknown,Unknown,200000,800000,30000,150000,Affiliate Marketing,Display Ads,4000,40000,48000,480000,"iHerb, Vitamin Shoppe, GNC, Thorne",Low-Medium,Basic Site,High,6,Supplement affiliates pay 5-15%; recurring subscription models (e.g. AG1/Athletic Greens) pay $50-$100 per signup.,5,5,5,Medium,30-60 days,$4K-$12K,5,4,50,Supplement reviews + iHerb/GNC affiliate + AG1 referral,Athletic performance + recovery + sports nutrition,High,Yes,6,74,Sports nutrition is a NATURAL OS.com sub-vertical; athletes buy supplements; AG1 pays $50-$100/signup
76,onlineweight.com,4,Weight Loss,Medium,Parked/Basic,Unknown,Unknown,200000,800000,15000,80000,Affiliate Marketing,Lead Gen,3000,30000,36000,360000,"Noom, WW, Nutrisystem, Found",Low-Medium,Parked,High,7,Weight loss program affiliates pay $20-$100 per signup; evergreen high-volume search category.,4,5,4,Medium,30-60 days,$4K-$12K,6,4,45,Weight loss program reviews + Noom/WW affiliate,Diet comparison + success story content + tools,Low,Yes,5,75,Evergreen high-search category; Noom affiliate pays $20-$100/signup; audience partially overlaps with fitness
77,onlinediet.com,4,Diet/Nutrition,Medium,Active Site,Unknown,Unknown,200000,800000,20000,100000,Affiliate Marketing,Display Ads,3000,30000,36000,360000,"Noom, Mediterranean Diet programs, iHerb",Low-Medium,Basic Site,High,6,Diet affiliate content has strong SEO potential; comparison and review format works well.,4,5,4,Medium,30-60 days,$3K-$10K,6,4,45,Diet plan comparison + Noom affiliate + nutrition guides,Macro tracking + meal plan content + supplement crossover,Low,Yes,5,76,Similar to onlineweight.com; diet content has good SEO potential but AI disruption risk is high
78,onlinewellness.com,4,Wellness,Medium,Active Site,Unknown,Unknown,300000,1200000,30000,150000,Affiliate Marketing,Display Ads,4000,40000,48000,480000,"Headspace, Calm, Peloton, AG1",Low-Medium,Basic Site,High,7,Wellness is a broad and growing category; app subscription affiliates and supplements are the core revenue.,5,6,5,Medium,30-60 days,$4K-$12K,5,4,50,Wellness app reviews + Headspace/Calm affiliate + supplements,Mindfulness + sleep + recovery + sports wellness angle,Medium,Yes,6,77,Wellness overlaps with sports recovery; Headspace/Calm affiliates pay per signup; AG1 crossover strong
79,onlinedating.com,4,Dating,Medium,Active Site,No,N/A,1000000,5000000,100000,600000,Affiliate Marketing,Display Ads,30000,200000,360000,2400000,"Match.com, eHarmony, Tinder Gold, Bumble",Medium,Fully Built Out,Very High,8,Dating affiliate programs pay $5-$50 per signup; high volume and recurring subscription model.,4,5,4,Medium,30-60 days,$20K-$60K,5,5,45,Dating site reviews + Match.com/eHarmony affiliate,Comparison guides + niche dating content + app reviews,Low,Yes,5,78,Dating affiliate pays $5-$50/signup with high volume; already fully developed; not OS.com aligned
80,onlinewedding.com,4,Weddings,Low,Active Site,Unknown,Unknown,200000,800000,30000,150000,Affiliate Marketing,Lead Gen,4000,40000,48000,480000,"Zola, The Knot, WeddingWire, Minted",Low-Medium,Basic Site,High,6,Wedding planning affiliates earn 5-10% on high-AOV items; registry and venue booking pay well.,3,4,3,Low,60-90 days,$4K-$12K,5,5,35,Wedding planning + Zola/The Knot affiliate + vendor finder,Venue guides + registry tools + budget planning,Medium,No,3,79,High-intent but seasonal and not aligned with OS.com sports audience; The Knot affiliate pays per lead
81,onlineschools.com,5,Education,Low,Active Site,Unknown,Unknown,1000000,5000000,100000,500000,Lead Gen,Affiliate Marketing,30000,250000,360000,3000000,"University of Phoenix, Coursera, edX",Medium,Developed,Very High,8,Education lead gen pays $50-$200 per enrollment inquiry; for-profit schools pay even more ($100-$500 per lead).,3,4,3,Low,60-120 days,$20K-$50K,6,7,35,Education lead gen + Coursera/university affiliate,Degree comparison + career guides + enrollment tools,Low,No,4,80,Education lead gen pays $50-$500/enrollment; massive category but requires trust; not OS.com audience
82,onlinecollege.com,5,Higher Education,Low,Active Site,Unknown,Unknown,800000,4000000,80000,400000,Lead Gen,Affiliate Marketing,25000,200000,300000,2400000,"Southern New Hampshire, WGU, Coursera",Medium,Developed,Very High,7,Online college lead gen is a massive affiliate vertical; degree inquiry leads can pay $100-$300+ each.,3,4,3,Low,60-120 days,$15K-$40K,6,7,35,College comparison + SNHU affiliate + scholarship guides,Degree program reviews + financial aid content,Low,No,4,81,Degree lead gen can pay $100-$300/lead; but EdTech trust requirements are high; not sports aligned
83,onlineuniversity.com,5,Higher Education,Low,Active Site,Unknown,Unknown,800000,4000000,80000,400000,Lead Gen,Affiliate Marketing,25000,200000,300000,2400000,"Kaplan, Liberty University Online, Udemy",Medium,Developed,Very High,7,Similar to onlinecollege.com; university brand has higher perceived value leading to better lead quality.,3,4,3,Low,60-120 days,$15K-$40K,6,7,35,University comparison + Kaplan affiliate + career tools,Program rankings + tuition comparison + alumni data,Low,No,4,82,Similar to onlinecollege.com; higher perceived authority needed; not OS.com aligned
84,onlinecourses.com,5,Education - Courses,Low,Active Site,Unknown,Unknown,500000,2000000,60000,300000,Affiliate Marketing,Lead Gen,10000,100000,120000,1200000,"Coursera, Udemy, Skillshare, LinkedIn Learning",Low-Medium,Developed,Very High,7,Online course comparison/review site; Udemy and Coursera affiliates pay 10-15% per course sale.,3,5,3,Low,30-60 days,$8K-$20K,6,5,40,Course comparison + Udemy/Coursera affiliate + skill guides,Career path tools + skill gap analysis + certification prep,Medium,Yes,5,83,Online course affiliate pays 10-15%; Skillshare/LinkedIn Learning also viable; not sports but strong LTV
85,onlinedegree.com,5,Higher Education,Low,Active Site,Unknown,Unknown,800000,4000000,80000,400000,Lead Gen,Affiliate Marketing,25000,200000,300000,2400000,"Capella, Walden, Grand Canyon University",Medium,Developed,Very High,7,Degree lead gen is high-value; similar monetization model to onlinecollege.com and onlineuniversity.com.,3,4,3,Low,60-120 days,$15K-$40K,6,7,35,Degree program reviews + GCU affiliate + lead gen,Online degree comparison + accreditation guides,Low,No,4,84,Same tier as onlinecollege/university; degree lead gen is high-value but competitive and not OS.com aligned
86,onlinetutor.com,5,Tutoring,Low,Active Site,Unknown,Unknown,300000,1200000,30000,150000,Lead Gen,Affiliate Marketing,5000,50000,60000,600000,"Tutor.com, Wyzant, Chegg Tutors, VIPKid",Low-Medium,Basic Site,High,6,Tutoring marketplace lead gen pays $10-$50 per student signup; K-12 and test prep are the main categories.,3,5,3,Low,30-60 days,$5K-$15K,5,5,40,Tutoring marketplace + Wyzant/Tutor.com affiliate,Subject guides + test prep content + study tools,Low,Yes,4,85,Tutoring lead gen pays $10-$50/student; K-12 + SAT/ACT prep are biggest niches; not OS.com aligned
87,onlinebusiness.com,5,Business/Entrepreneurship,Low,Active Site,Unknown,Unknown,400000,1500000,50000,250000,Affiliate Marketing,Display Ads,8000,60000,96000,720000,"Shopify, QuickBooks, LegalZoom, Fiverr",Low-Medium,Basic Site,Very High,6,Business resource hub; Shopify ($58-$2000/merchant) and accounting software affiliates are strong.,3,5,3,Low,30-60 days,$8K-$20K,5,5,40,Business tools comparison + Shopify/QuickBooks affiliate,Startup guides + tool reviews + entrepreneur content,Medium,Yes,5,86,Shopify affiliate ($58-$2000/merchant) is excellent; B2B focus; QuickBooks pays recurring; not sports aligned
88,onlinemarketing.com,5,Digital Marketing,Low,Active Site,Unknown,Unknown,400000,1500000,50000,250000,Affiliate Marketing,Lead Gen,8000,60000,96000,720000,"HubSpot, SEMrush, Mailchimp, Hootsuite",Low-Medium,Developed,Very High,6,Marketing software review site; SaaS affiliates pay 20-30% recurring commission (very high LTV).,3,4,3,Low,30-60 days,$8K-$20K,5,5,40,Marketing tool reviews + HubSpot/SEMrush affiliate,SEO guides + email marketing comparison + CRM reviews,Low,Yes,5,87,SaaS affiliate pays 20-30% recurring; HubSpot pays up to $1000/sale; B2B audience; not OS.com aligned
89,onlineadvertising.com,5,Digital Advertising,Low,Active Site,Unknown,Unknown,300000,1200000,30000,150000,Affiliate Marketing,Lead Gen,5000,50000,60000,600000,"Google Ads, Meta Ads, AdRoll, Taboola",Low,Basic Site,Very High,5,Ad platform review/guide site; limited affiliate options since major platforms don't pay referrals well.,2,3,2,Low,60-90 days,$5K-$15K,5,5,30,Ad platform guides + tool comparison + agency lead gen,PPC guides + ad creative tools + agency finder,Low,No,3,88,Limited affiliate options from major ad platforms; B2B niche; low OS.com relevance
90,onlinejobs.com,5,Jobs/Employment,Low,Active Site,Unknown,Unknown,500000,2000000,80000,400000,Affiliate Marketing,Lead Gen,10000,80000,120000,960000,"Indeed, ZipRecruiter, LinkedIn, Monster",Low-Medium,Developed,Very High,6,Job board aggregator; ZipRecruiter pays $30-$50 per employer signup; employer-side monetization is stronger.,3,4,3,Low,30-60 days,$8K-$20K,6,5,40,Job board + ZipRecruiter affiliate + career guides,Job search tools + resume guides + salary data,Low,No,3,89,ZipRecruiter pays $30-$50/employer signup; high search volume; not OS.com aligned
91,onlinerecruitment.com,5,Recruiting/HR,Low,Active Site,Unknown,Unknown,200000,800000,20000,100000,Lead Gen,Affiliate Marketing,3000,30000,36000,360000,"LinkedIn Recruiter, Greenhouse, Lever",Low,Basic Site,High,5,B2B recruiting software lead gen; smaller audience but high-value B2B leads can pay $50-$200.,2,3,2,Low,60-90 days,$5K-$15K,5,5,30,HR software comparison + Greenhouse/Lever affiliate,Recruiting guides + ATS comparison + hiring content,Low,No,3,90,B2B only; small addressable audience for this domain name; low OS.com relevance
92,onlinelegal.com,5,Legal,Low,Active Site,Unknown,Unknown,300000,1200000,30000,150000,Lead Gen,Affiliate Marketing,8000,80000,96000,960000,"LegalZoom, Avvo, FindLaw, Nolo",Low-Medium,Basic Site,High,7,Legal lead gen pays $30-$150 per inquiry; personal injury and other niches can pay even more.,3,4,3,Low,30-60 days,$8K-$20K,4,5,40,Legal service reviews + LegalZoom affiliate + lawyer finder,Legal guides + document templates + attorney referrals,Low,No,4,91,Legal lead gen pays $30-$150/inquiry; personal injury is highest-value sub-niche; not OS.com aligned
93,onlinelawyer.com,5,Legal,Low,Active Site,Unknown,Unknown,300000,1200000,30000,150000,Lead Gen,Affiliate Marketing,8000,80000,96000,960000,"Martindale, Avvo, LegalMatch",Low-Medium,Basic Site,High,7,Lawyer referral leads are high-value; personal injury attorneys pay $100-$500+ per lead.,3,4,3,Low,30-60 days,$8K-$20K,4,5,40,Lawyer directory + Avvo/LegalMatch affiliate + PI content,Practice area guides + attorney reviews + case type content,Low,No,5,92,PI lawyer leads can pay $100-$500+; Avvo affiliate viable; requires legal content credibility
94,onlineaccounting.com,5,Accounting,Low,Active Site,Unknown,Unknown,200000,800000,20000,100000,Affiliate Marketing,Lead Gen,4000,40000,48000,480000,"QuickBooks, FreshBooks, Xero, Bench",Low-Medium,Basic Site,High,6,Accounting software affiliates pay 20-30% recurring; Xero pays $50+ per signup; strong B2B focus.,3,4,3,Low,30-60 days,$4K-$12K,5,5,35,Accounting software reviews + QuickBooks/Xero affiliate,Bookkeeping guides + tax prep content + CPA finder,Low,Yes,4,93,SaaS affiliate recurring commissions; Xero pays $50+/signup; strictly B2B; not OS.com aligned
95,onlinetax.com,5,Tax Services,Low,Active Site,Unknown,Unknown,300000,1500000,50000,300000,Affiliate Marketing,Lead Gen,8000,80000,96000,960000,"TurboTax, H&R Block, TaxAct, Jackson Hewitt",Low-Medium,Developed,High,7,Tax software affiliates pay $15-$50 per filing; strong seasonal traffic surge Jan-April each year.,3,4,3,Low,30-60 days,$8K-$20K,5,4,40,Tax software reviews + TurboTax/H&R Block affiliate,Filing guides + deduction tips + audit content,Low,No,4,94,Tax software affiliate pays $15-$50/filing; strong Jan-April seasonality; not OS.com aligned
96,onlinepayroll.com,5,Payroll/HR,Low,Parked/Basic,Unknown,Unknown,150000,600000,10000,50000,Affiliate Marketing,Lead Gen,2000,20000,24000,240000,"Gusto, ADP, Paychex, QuickBooks Payroll",Low,Parked,High,5,Payroll software is B2B; Gusto pays $100-$300 per business signup; small but high-value audience.,2,3,2,Low,60-90 days,$3K-$8K,4,5,30,Payroll software reviews + Gusto affiliate,Small business guides + payroll comparison + HR tools,Low,Yes,3,95,Gusto pays $100-$300/business signup; B2B only; very small addressable audience; low priority
97,onlinebanking.com,5,Banking,Low,Active Site,Unknown,Unknown,500000,2000000,50000,300000,Affiliate Marketing,Lead Gen,10000,100000,120000,1200000,"Chime, SoFi, Marcus, Ally",Low-Medium,Developed,Very High,7,Neobank account opening pays $50-$100 per funded account; checking/savings is a massive search category.,3,5,3,Low,30-60 days,$10K-$25K,5,6,40,Neobank comparison + Chime/SoFi affiliate + fintech guides,Checking + savings + credit card comparison,Low,Yes,4,96,Neobank account opening pays $50-$100/funded account; high search volume; not OS.com audience
98,onlinepayments.com,5,Payments/Fintech,Low,Active Site,Unknown,Unknown,400000,1500000,40000,200000,Affiliate Marketing,Lead Gen,8000,60000,96000,720000,"PayPal, Stripe, Square, Venmo",Low,Developed,Very High,5,Payment processor review site; limited affiliate options as major processors don't pay high referral fees.,2,3,2,Low,60-90 days,$8K-$20K,4,6,30,Payment processor reviews + Stripe/Square affiliate,POS comparison + merchant guides + fraud prevention,Low,No,3,97,B2B payment processors don't pay high referral fees; limited affiliate upside; not OS.com aligned
99,onlinesoftware.com,5,Software,Low,Active Site,Unknown,Unknown,300000,1200000,30000,150000,Affiliate Marketing,Display Ads,5000,50000,60000,600000,"Microsoft, Adobe, Salesforce, HubSpot",Low,Basic Site,Very High,6,Software review/comparison is competitive but high-value; SaaS affiliates pay 20-40% recurring commission.,3,4,3,Low,60-90 days,$5K-$15K,5,5,35,Software review hub + SaaS affiliate + Microsoft/Adobe,App comparison + productivity tools + enterprise guides,Low,Yes,4,98,SaaS affiliate pays 20-40% recurring; competitive with G2/Capterra; B2B focus; not OS.com aligned
100,onlinetechnology.com,5,Technology,Low,Active Site,Unknown,Unknown,200000,800000,20000,100000,Affiliate Marketing,Display Ads,3000,30000,36000,360000,"Amazon Tech, B&H Photo, Best Buy",Low,Basic Site,Very High,5,"Broad tech category; competitive with major review sites (Wirecutter, CNET); hard to differentiate without a niche.",2,3,2,Low,60-120 days,$4K-$12K,5,6,30,Tech product reviews + Amazon/B&H affiliate,Gadget comparisons + buyer guides + tech news,Medium,No,3,99,Highly competitive with CNET/Wirecutter; Amazon affiliate pays 1-4%; AI content disruption risk is very high
